{
  "parameters": {
    "n": 10,
    "N": 100,
    "K": 3,
    "p": 2,
    "rho_true": 0.056167276421074795,
    "beta_true": [
      0.5,
      -0.3
    ],
    "noise_option": "queue_jump",
    "prob_noise_true": 0.059751298822657
  },
  "items": {
    "names": [
      "Item 1",
      "Item 2",
      "Item 3",
      "Item 4",
      "Item 5",
      "Item 6",
      "Item 7",
      "Item 8",
      "Item 9",
      "Item 10"
    ],
    "ids": [
      0,
      1,
      2,
      3,
      4,
      5,
      6,
      7,
      8,
      9
    ]
  },
  "observations": {
    "total_orders": [
      [
        6,
        8,
        2,
        3,
        9,
        4,
        1,
        5,
        0,
        7
      ],
      [
        2,
        0,
        3,
        1,
        5,
        6,
        7
      ],
      [
        8,
        1
      ],
      [
        2,
        8,
        0,
        1,
        6,
        4,
        9
      ],
      [
        2,
        8,
        1,
        3,
        9,
        5,
        0,
        7
      ],
      [
        5,
        9
      ],
      [
        2,
        8,
        3,
        4,
        1,
        0,
        6,
        7,
        9,
        5
      ],
      [
        2,
        6,
        3,
        8,
        9,
        1,
        4
      ],
      [
        2,
        0,
        3,
        9,
        7,
        5
      ],
      [
        4,
        2,
        6,
        7
      ],
      [
        2,
        3,
        1,
        8,
        6,
        4,
        7,
        5
      ],
      [
        2,
        6,
        3,
        8,
        1,
        4,
        5,
        0,
        7,
        9
      ],
      [
        2,
        8,
        3,
        4,
        0,
        1,
        6,
        7,
        5,
        9
      ],
      [
        8,
        2,
        3,
        4,
        0,
        1,
        9,
        6,
        5,
        7
      ],
      [
        8,
        6,
        2,
        9,
        1,
        3,
        4,
        5,
        0,
        7
      ],
      [
        9,
        1,
        5
      ],
      [
        1,
        9
      ],
      [
        8,
        6,
        0,
        2,
        1,
        9,
        4,
        3,
        7,
        5
      ],
      [
        8,
        3,
        0
      ],
      [
        2,
        6,
        3,
        5,
        1,
        8,
        4,
        0,
        9,
        7
      ],
      [
        2,
        3,
        8,
        1,
        4,
        0,
        6,
        7,
        5,
        9
      ],
      [
        3,
        6,
        7,
        5
      ],
      [
        8,
        2,
        0,
        9,
        1,
        5,
        7
      ],
      [
        8,
        2,
        4,
        5,
        9,
        0
      ],
      [
        8,
        1,
        6,
        5,
        7
      ],
      [
        6,
        4,
        0
      ],
      [
        8,
        6,
        2,
        9,
        4,
        3,
        7,
        0,
        1
      ],
      [
        0,
        7
      ],
      [
        2,
        8,
        4,
        1,
        0
      ],
      [
        6,
        2,
        1,
        3,
        4,
        9,
        5
      ],
      [
        4,
        9
      ],
      [
        0,
        3
      ],
      [
        6,
        8,
        2,
        4,
        7
      ],
      [
        2,
        4,
        6,
        5,
        7
      ],
      [
        2,
        1,
        6,
        8,
        9
      ],
      [
        2,
        8,
        4,
        1,
        5,
        7,
        6,
        9,
        0
      ],
      [
        3,
        2,
        9,
        4
      ],
      [
        2,
        1,
        3,
        6,
        4,
        5,
        0,
        9
      ],
      [
        1,
        9
      ],
      [
        2,
        9,
        4,
        0,
        1,
        5
      ],
      [
        6,
        2,
        4,
        1,
        0,
        3,
        9,
        5,
        7
      ],
      [
        6,
        0,
        4,
        3,
        9
      ],
      [
        8,
        2,
        4,
        0,
        3
      ],
      [
        8,
        6,
        2,
        3,
        1,
        9,
        0,
        7,
        5
      ],
      [
        2,
        8,
        3,
        5,
        0
      ],
      [
        2,
        6,
        8,
        4,
        9,
        3,
        1,
        5,
        0
      ],
      [
        8,
        2,
        1,
        6,
        3,
        0,
        7,
        5,
        9
      ],
      [
        2,
        3,
        1
      ],
      [
        4,
        1,
        3,
        0,
        9
      ],
      [
        2,
        5,
        6,
        8,
        9,
        4,
        7
      ],
      [
        8,
        2,
        4,
        0,
        9,
        3,
        5,
        7
      ],
      [
        4,
        3,
        7,
        9
      ],
      [
        8,
        2,
        1,
        4,
        6,
        3,
        0,
        9,
        5,
        7
      ],
      [
        8,
        2,
        6,
        1,
        3,
        0,
        5
      ],
      [
        0,
        9,
        4,
        5
      ],
      [
        3,
        6,
        5
      ],
      [
        3,
        8,
        4,
        9,
        7
      ],
      [
        6,
        2,
        1,
        8,
        9,
        0,
        4,
        5,
        7
      ],
      [
        2,
        3,
        8,
        6,
        9,
        0,
        4,
        1,
        7,
        5
      ],
      [
        6,
        8,
        2,
        0,
        1,
        3,
        9,
        4,
        7,
        5
      ],
      [
        3,
        2,
        6,
        4
      ],
      [
        2,
        6,
        9,
        1,
        4,
        0
      ],
      [
        2,
        4,
        6,
        1,
        0,
        3,
        5,
        9,
        7
      ],
      [
        8,
        6,
        1,
        3,
        9,
        5
      ],
      [
        2,
        1,
        5
      ],
      [
        2,
        8,
        1,
        4,
        3,
        0,
        6,
        5,
        9
      ],
      [
        7,
        6,
        8,
        2,
        4,
        1,
        3,
        0,
        5
      ],
      [
        2,
        8,
        9,
        4,
        5,
        7
      ],
      [
        6,
        2,
        8,
        3,
        1,
        0,
        9,
        4,
        7,
        5
      ],
      [
        2,
        1,
        6,
        3,
        0,
        9,
        8,
        7,
        5
      ],
      [
        2,
        6,
        1,
        0,
        3,
        7,
        9,
        5
      ],
      [
        1,
        0
      ],
      [
        6,
        2,
        8,
        3,
        9,
        0,
        4,
        5,
        7
      ],
      [
        8,
        5,
        6
      ],
      [
        2,
        4
      ],
      [
        8,
        3,
        9,
        4,
        0,
        5
      ],
      [
        2,
        8,
        9,
        0,
        4,
        3,
        5,
        7
      ],
      [
        2,
        1,
        6,
        8,
        4,
        5,
        7
      ],
      [
        2,
        1,
        8,
        9,
        0,
        4,
        5,
        7
      ],
      [
        0,
        5,
        6,
        7
      ],
      [
        6,
        2,
        8,
        5,
        3,
        4,
        9,
        0,
        1,
        7
      ],
      [
        2,
        8,
        3,
        0,
        4,
        1,
        5,
        6,
        9,
        7
      ],
      [
        4,
        6,
        7,
        9
      ],
      [
        2,
        3,
        9
      ],
      [
        3,
        0,
        9,
        5
      ],
      [
        2,
        7,
        6,
        1,
        5,
        9
      ],
      [
        2,
        8,
